-0,8.419198275124426,18.065000872743266,28.48008188081718,39.405964263360715,62.22444562287206,85.82999923553774,109.90916629915021,134.30175861700522,158.9180756298627,183.70398601249795,196.14916197220836,208.62468710198203,221.12790440268267,233.6565711925929
-0,6.310797331882425,13.953796250568029,22.450564139381513,31.52296988476144,50.77029511585121,70.92093295754027,91.61458325603793,112.6650245907783,133.96784226336,155.46041228023057,166.26483256397486,177.10295010508008,187.9717891987043,198.86884716636857
-0,5.5762192630592775,12.619372110823404,20.58057351452304,29.154795276536408,47.4785667299917,66.77771854083439,86.67741589775501,106.98160279309806,127.5777325008,148.39629195190582,158.87411604881333,169.39172803683792,179.94557854086747,190.53266334028908
-0,10.688611017702238,22.15792017447019,34.13679614045536,46.46399228053336,71.79448684232442,97.68623389161428,123.91993203310236,150.3808941803109,177.0043056573241,203.75107972557737,217.16257138147614,230.59628688937812,244.05035762740548,257.5232068410262
-0,7.867280509971138,16.554525379205973,25.781625841375117,35.38293041304761,55.32843248930623,75.91083436813389,96.89787507385036,118.16447939140008,139.63755971573994,161.27144887420832,172.13885882435565,183.0359788557651,193.96044048182682,204.91022243741384
-0,10.101348789915766,21.036445122115566,32.50230890247971,44.32834199955426,68.68557308079207,93.64494323662693,118.98967220162022,144.60447741284295,170.42182848630208,196.39904905075372,209.43826728276608,222.5074337866149,235.60423207504763,248.7266693987113
-0,12.401699469412012,25.618951740178982,39.3907905170286,53.5565495446966,82.68703093077373,112.51280235929191,142.78212490382415,173.35501463193836,204.14788174692652,235.10787813338166,250.63912168780405,266.1999713247772,281.7876945622397,297.3999765903351
-0,7.7057805876843,16.358568338061684,25.65132385276827,35.39362550553184,55.77359558522243,76.91337012894724,98.523311069816,120.4471855166543,142.59489872158824,164.91147227318461,176.12155795165964,187.36169086848543,198.6292291211016,209.9219618983628
-0,6.898604714165004,14.996490607555168,23.87213248314023,33.27800503938249,53.11922157691493,73.81831671076542,95.04391702332872,116.62213500480344,138.45392866400485,160.4789468822831,171.55118395654932,182.65823543554373,193.79712729182037,204.96534342771432
-0,7.31951598336404,15.734473795221069,24.838931270085624,34.40152651784018,54.38989115656293,75.07122935047413,96.15827487408222,117.50498503177411,139.0310409538032,160.6893849041991,171.5586181864571,182.45093918091396,193.36425449430956,204.2968397610384
-0,8.812700853735068,18.74401176327802,29.38097065066366,40.4897045602974,63.607898441765066,87.46614374317667,111.7730797094416,136.3777086099318,161.19451667192445,186.17150789842432,198.70911857684126,211.27517290069278,223.86711283734468,236.48278963939373
-0,6.500918703832045,14.299865355951457,22.926081437561052,32.10712892542373,51.526243240860765,71.80803518956535,92.60787990621897,113.74902320707447,135.13273509706283,156.69981179806544,167.5397677678663,178.41252358686134,189.31522935509184,200.24549142497509
-0,1.7054562887856246,4.852136676308003,8.8306506944937,13.316651547819392,23.150587800234977,33.59760311990534,44.35936045159786,55.305203875636025,66.37322229281591,77.53201815904211,83.13980270603706,88.76454910611074,94.40518550165397,100.0608580968591
-0,7.513129698877623,15.98238657579649,25.073904599057357,34.590104683222776,54.444886341980165,74.97917204641428,95.92397753668382,117.13893307871498,138.54528481551532,160.09611591257968,170.91606051893078,181.7619913819925,192.63175136736356,203.5235473361064
-0,8.59048413993564,17.978165310043796,27.87785054930493,38.12161885419258,59.26269338171298,80.93260467178382,102.91626495399989,125.10502745368139,147.4396565221376,169.88571349189715,181.14355134930503,192.4219423698638,203.71935173398933,215.03449790927206
-0,10.903522661272127,22.62406920233615,34.853127468992234,47.41879431380297,73.18801411628047,99.48030210805291,126.09219153514927,152.91990175576927,179.9052572370474,207.01304099862972,220.60541827064688,234.22052596898914,247.8566179218791,261.5122146638847
-0,4.321422904896815,9.742311717151535,15.82564207810313,22.33203916525605,36.108730655805275,50.474074937455796,65.17337415291664,80.08506220468635,95.14578039869805,110.31998633930523,117.94264176964941,125.5863804210495,133.2497026992975,140.9313690069349
-0,3.7278905617208546,8.556370887759881,14.021616824495737,19.880268050730002,32.2877595769715,45.219644437285666,58.4535230814417,71.88826515718868,85.47232421031427,99.17649002429744,106.06764373456761,112.98250411706188,119.91966047968643,126.87789335377387
-0,7.520116063401508,15.970866203275595,25.055733341702258,34.58559248140378,54.52492173138515,75.20118411760126,96.32615058785669,117.74689104851659,139.3767628377069,161.16380853859144,172.1055238850564,183.07522997937502,194.0705046581904,205.08932833377455
-0,9.951352466165796,21.11415228247791,33.0388231177124,45.47068556596436,71.29752735982228,97.91207043125688,125.00381826370433,152.41390780524117,180.0533178429895,207.86824078963042,221.83019590623567,235.8240232706922,249.84706588386678,263.8970709996449
-10.502797204956119,-0,11.211236373813387,22.912507929344088,34.9665363778585,59.80013352088954,85.27489105854212,111.16597385804869,137.34673498201263,163.7406162880079,190.29860251607215,203.62840319030167,216.98775123814394,230.37402991801764,243.78500493519743
-12.421838315144038,-0,12.927805427294034,26.213292589404535,39.75990707704376,67.39529974551712,95.51106074847063,123.93705156163338,152.57663390578838,181.371593667902,210.28512201650017,224.77842831592486,239.29295706047466,253.82684298307893,268.3785110065985
-10.16466387162053,-0,10.820555179384302,22.085642752875653,33.665138536098496,57.458990188606215,81.80440567519754,106.50352243009341,131.4480341905038,156.57395827013644,181.84104381590853,194.51880448920187,207.22254638701187,219.95015766469226,232.69983344151845
-9.31749546437173,-0,9.88776229111751,20.169313995976168,30.73201613160031,52.42597125098395,74.60931575368463,97.09969294515925,119.79745193857971,142.64469732662417,165.60599238974117,177.12197012604582,188.65860670160257,200.21419955698394,211.7873212261151
-11.572621804396208,-0,11.888323288327244,23.99284981703101,36.25146887648281,61.082680758923075,86.19038493664758,111.4796490446587,136.89902391785327,162.41848412406463,188.0193333802267,200.84625671024438,213.6892310659789,226.54728523373439,239.41957883689219
-12.70101780273457,-0,12.891578653079103,25.920675462874364,39.052720924831085,65.53838108674469,92.23055583561046,119.06567512516217,146.00683283481354,173.0313153122204,200.12442519220863,213.69347991624136,227.27622556638536,240.87186202357998,254.4797065866558
-9.372180331078374,-0,10.238395597664923,21.050414496365313,32.25921193283782,55.456265347399125,79.30807782577496,103.56298256967149,128.08727918123517,152.80434577689272,177.6674382941793,190.14389773488583,202.64644575360919,215.17279605626376,227.72102634423987
-11.06049193035693,-0,11.662142882006007,23.686649117889804,35.94242163218095,60.87118094379199,86.121604890811,111.55507494313856,137.10568947067085,162.73915070739864,188.43623566714584,201.3048423485213,214.1854038486125,227.07710495177685,239.97927134383994
-10.491682762859032,-0,10.807607340788604,21.832927580552703,33.013143824920434,55.68539294279127,78.62538840045295,101.73429620412816,124.95941920426618,148.27094499830787,171.65111832370988,183.36330471092225,195.08882306097615,206.82685815822893,218.5767323337052
-8.34355766964415,-0,9.258118914218839,19.099393784828962,29.331571266458536,50.53921838346518,72.35130093353943,94.52459781955822,116.93506039431406,139.51401428807156,162.22073562138792,173.61361747280705,185.02960213301012,196.46678910955626,207.9235882287244
-7.179112701325196,-0,8.134100925818109,16.846572190267047,25.935704952937144,44.820398446398606,64.28185533078275,84.09586949773214,104.1484248201484,124.37528364717787,144.73726530594473,154.96059954297175,165.20885992089327,175.48006375474742,185.7725269364928
-6.977301539609304,-0,7.575369568181287,15.557342196827213,23.82592183337843,40.935218232494385,58.531386239860375,76.43067692022248,94.5347611767354,112.78752332181965,131.15511680964795,140.37494071736467,149.6160625531377,158.87688375624785,168.1560674401365
-5.673983076629478,-0,6.376519480352923,13.17766734486334,20.25101336463744,34.893455482405315,49.92566796724646,65.18797590637759,80.6043965050449,96.13509155017316,111.75734067982827,119.59820384168894,127.45712755260341,135.33306511594773,143.2251358975361
-11.5246515636649,-0,11.711391300351844,23.55854787604334,35.5083679461648,59.63316863447088,83.97442920511396,108.47230008157514,133.0914653169892,157.80940583723648,182.61081538150557,195.03927103351577,207.48471537697364,219.94619229477144,232.42286141028436
-11.604173669145869,-0,12.096865850002501,24.53143561934281,37.20851526886883,63.06308110422582,89.36443878939434,115.96165601228951,142.77000234526207,169.73831378094036,196.83379550232723,210.42202960018312,224.03434778491285,237.66898040115288,251.32440772591923
-12.822320548682512,-0,13.239576766674364,26.788749286941666,40.573743899791346,68.65725691764284,97.22026937757872,126.11099013952159,155.2382106630192,184.54412108806576,213.99042305336724,228.75764684145796,243.55074450056512,258.3675739928724,273.2062985670802
-6.021778225011309,-0,7.088511379114206,14.85359303402633,23.068569725871104,40.342784585299604,58.29052524234593,76.6306915882028,95.22272602016791,113.99064406608544,132.89057001482615,142.3812082240878,151.8956285885047,161.43189706766802,170.9884167782545
-7.06348123951748,-0,7.939994055159509,16.424461581176573,25.265468533669846,43.60751524318242,62.47059713507896,81.63579358350357,100.99576786196614,120.49351693910536,140.0966720571269,149.93135642924898,159.7857183625271,169.65837400324858,179.5481911074581
-11.672633331880842,-0,12.159971256903887,24.676398070360804,37.46139147144515,63.6101193173075,90.29404965281691,117.3405949519706,144.64728629856003,172.1497937848194,199.80580168018273,213.6819578663245,227.58637653886544,241.5167311461649,255.4710205518749
-12.210234501304669,-0,12.560421619873322,25.35936594382437,38.3270833897197,64.60203714596373,91.16991834745464,117.9244419965233,144.8087375762877,171.79031555626733,198.8495352780722,212.40416437547933,225.97388167190246,239.55774614680664,253.15496606813238
-13.471000720534006,-6.960680198417279,-0,7.1833833577656705,14.484109123749397,29.256900197281215,44.141125881709385,59.08979721439558,74.09111705207333,89.14292155074834,104.24521071042669,111.8153216344815,119.39804491744539,126.99331849557319,134.60104507975876
-15.984770158988248,-8.35401289415192,-0,8.818902195783338,17.951295064352408,36.81611474103739,56.17337834361054,75.82956273607445,95.68623650027759,115.68911734514215,135.80608980003933,145.90072228658076,156.0168825047639,166.1530507315988,176.3079454346729
-23.06558395663816,-11.538075783421588,-0,11.550183245395605,23.112579628869476,46.272357895186744,69.47536942902182,92.7183315616233,115.9989932242787,139.31581624260585,162.66767005006366,174.35643660018854,186.05362369050513,197.7591239675193,209.47284014211576
-17.91407191545947,-9.103496325556664,-0,9.322671915974029,18.812523425367136,38.15498230926284,57.834239317337584,77.74303656082127,97.81866617624738,118.02265199807836,138.33033962397738,148.51769534176097,158.72523687243063,168.9516591999968,179.19585188669132
-19.432904208053422,-9.929131968963636,-0,10.231410910540049,20.684966406749435,42.05810062214176,63.85074044683938,85.92073978181799,108.18685215599109,130.5996547015796,153.12748820032755,164.42762165952848,175.74911678792688,187.0902894774813,198.44970722992602
-15.999080045121657,-8.341846723230761,-0,8.800846678923508,17.92229620003683,36.801370408706106,56.22080175244977,75.97762837421357,95.96352388242542,116.11632221331075,136.39808061404727,146.57932556929268,156.78434764749937,167.01128158159054,177.25856235882117
-17.70213765413051,-9.07064447701141,-0,9.387280271878335,19.00709325799157,38.72901657291305,58.87651767950989,79.29843110731679,99.91052629341945,120.66309856709618,141.52525863597853,151.9908561756218,162.47687268653763,172.98176496215294,183.50422630908216
-18.25004308220282,-9.183637391062845,-0,9.267577764048601,18.596613729723277,37.38223671622595,56.28179028251091,75.25789863642694,94.29124150268568,113.37151462263863,132.49301148677546,142.06813019132193,151.65243097495562,161.24569074368713,170.84772498368002
-12.88305411418218,-6.733957992397959,-0,7.101472636898957,14.444742259641156,29.580565969031106,45.07468030887171,60.78266630524817,76.63543023880919,92.59701539648631,108.6471151927103,116.70127801823566,124.77328333101639,132.86219849752476,140.96723514048716
-17.74725967229911,-9.134902256641025,-0,9.412724728893936,18.983215491129176,38.37421493122834,57.93550050666573,77.58718947129772,97.29954322809121,117.06051470141223,136.86469595868016,146.7820492357634,156.70923542253118,166.64604148938207,176.59227956768768
-16.616614282644246,-8.673112787335763,-0,9.146467918920012,18.61447970055873,38.1689466513186,58.230013093442736,78.59400092074857,99.15557789788595,119.85609546561724,140.66087341109562,151.0952612752719,161.54826993958616,172.01832432689625,182.50411606642066
-18.703378463345288,-9.562481184661346,-0,9.845725008687001,19.89076521020089,40.38225377071102,61.22300688063784,82.28969549671851,103.51570844929863,124.8622626089342,146.30528227574035,157.05780552899455,167.8289546145807,178.61749161244845,189.42236647117267
-24.52049898148311,-12.359866829593946,-0,12.509997345216126,25.13621827389013,50.647060006890364,76.40537000988017,102.33786945439302,128.39946819282324,154.5609442668659,180.8025513420237,193.9489150771089,207.1104609455182,220.28604496151243,233.47467913741158
-11.729785651699377,-6.0381630530249035,-0,6.2688590159570605,12.695432065910436,25.849325642613564,39.244818272146595,52.78264319193335,66.41516564093222,80.11875778464825,93.88137925704054,100.78271645326993,107.69670458857347,114.62297966748744,121.56125988706921
-19.47795074329085,-9.747895776576657,-0,9.768157072393905,19.556275186282445,39.18763575916108,58.88455745025991,78.63986267163469,98.44891006178823,118.3086601747405,138.21699613365126,148.1888598280018,158.17227744284125,168.1670829157254,178.17310850680778
-17.860578001652247,-9.171987858863728,-0,9.511702978934485,19.270642746874096,39.30330915592582,59.7987211513967,80.60246414203505,101.62751972871,122.82115721390585,144.14939585991698,154.85649348588194,165.58918653471875,176.34560806196072,187.1241494424946
-19.730491466177487,-9.955524156098075,-0,10.085619824696513,20.26810102259638,40.84031606066984,61.60547720967556,82.50565886911248,103.50827925158485,124.59373627886478,145.7494544948123,156.35088105093635,166.96687581255634,177.59673091752686,188.2398290832217
-23.96379056636928,-12.027138074040973,-0,12.106851402948383,24.28277975125794,48.80545935071938,73.5085397981401,98.35061619030998,123.30311068991918,148.34602032050998,173.465060356925,186.04975225489545,198.64978899384244,211.26426310120814,223.8923845223199
-15.285930741435104,-7.894697587551547,-0,8.218482454594737,16.655452766240405,33.94802675164937,51.58480625277007,69.43121862455214,87.418980331099,105.51059983976715,123.68406297336287,132.7969812459832,141.92562848382588,151.0689865060287,160.22620487158204
-17.131216641995504,-8.799680887003174,-0,9.117297959960045,18.460180849796192,37.606097280496556,57.159398439336094,76.98215688437988,96.99882594446181,117.16458050093792,137.45098194057067,147.63320314171202,157.8389179854761,168.06658326528972,178.3148721589853
-19.913428540589884,-13.583153257963762,-6.897620081277036,-0,7.028853026021743,21.308841210395645,35.74390488101263,50.25717222193196,64.81801393754675,79.41458759483855,94.0428573731463,101.36854953758562,108.70196276706932,116.04315912533644,123.39221241791917
-19.289122645540772,-12.8537432537509,-6.424545075233348,-0,6.422954901509218,19.27496875746369,32.14795177138084,45.051649628224,57.991747031325495,70.97152161724276,83.99275478312637,90.5192018138911,97.05626174462199,103.6039379301079,110.16220185457783
-31.23096333126142,-21.02350567051188,-10.593732329460824,-0,10.718544192950652,32.42884220538477,54.39761725379824,76.54727288613306,98.83140555180198,121.22066916500971,143.69560087160062,154.96082431436318,166.24275967783396,177.54030826603176,188.8525206714357
-22.57831815975131,-15.330556249666763,-7.764613660746199,-0,7.894445977785051,23.922068634846397,40.136847023406474,56.46100353237185,72.85859319046106,89.31212576408942,105.81275633125529,114.07918386560225,122.35583682087155,130.64244178111255,138.93878739412597
-31.387548476100427,-20.79086057057974,-10.344180730599055,-0,10.26980488355036,30.65278589344994,50.89321990609233,71.0398638620865,91.12335208922416,111.16446755424468,131.17799316964138,141.17790632078965,151.17473809099172,161.16941943639162,171.1627555082378
-22.620846919921718,-15.71880353894591,-8.10281744481897,-0,8.449299190219206,26.052638075939466,44.2724795991403,62.889386495249866,81.78148738024403,100.8759194204711,120.12638809624612,129.80006234642835,139.50197559943265,149.2296855631202,158.98110219903486
-24.54432810379244,-16.7179023103505,-8.478116895505469,-0,8.624999967737182,26.13387280522979,43.8441139712484,61.677154122627925,79.59834491708753,97.59034540950582,115.64330423881215,124.69058758768016,133.75091270945808,142.8237596106258,151.9086753936086
-31.790192876234194,-21.33828290790416,-10.730398367765263,-0,10.827898829775878,32.706171522489605,54.803309486910116,77.05950004928152,99.43754689908899,121.91316801643923,144.46981586567847,155.7747181686589,167.09574530288828,178.4318975388998,189.7823110164886
-27.634168167608934,-18.30870002842634,-9.102380855591461,-0,9.014505305851856,26.836771527021014,44.4587161162912,61.946930114534766,79.34759565573944,96.69288691947813,114.00542865597778,122.65463851547206,131.30129537453226,139.946712636143,148.59200577026954
-22.145767422738082,-15.1515191266381,-7.725501761202479,-0,7.941272232777091,24.267741874197043,40.98705655403734,57.96297461579732,75.11972293952049,92.41217447484422,109.81186712495096,118.5457738641295,127.29992009294422,136.0728229911712,144.8632178003819
-28.301011209823518,-18.948664437957518,-9.51120311419952,-0,9.573058859254338,28.86531488509237,48.304551272274345,67.85237069299498,87.48471757615755,107.1861145663093,126.94623056642362,136.84597786942993,146.75788798855936,156.68136209256878,166.61588018794114
-21.663542208176203,-14.613208417669828,-7.37069340992171,-0,7.457794001576724,22.537631183068473,37.74784583609213,53.03502288457273,68.37509333821532,83.75726984762659,99.1768691163462,106.90005103550111,114.63199568413037,122.37264770808794,130.1219769142038
-13.88096361008636,-9.305149811817218,-4.641488979585588,-0,4.577549905658572,13.505457839391456,22.160374208396078,30.60724284826642,38.90698854792859,47.107548000136696,55.244631340389724,59.29781642775274,63.344288566536385,67.386198181552,71.42537195970522
-26.097827190047223,-17.207394014973772,-8.539959221374286,-0,8.465972530762322,25.28893030572046,42.06053788208362,58.83385305006215,75.63191487730187,92.46500078407317,109.33751058649473,117.78908600640243,126.2509438787806,134.7230506556551,143.20532582190378
-27.855370055347315,-18.814900298962844,-9.491007236922414,-0,9.595584642973098,28.973190056488647,48.49676939228217,68.10970877543517,87.78713909660429,107.51688747527234,127.29226276904097,137.1957037034226,147.10911006196503,157.03214804237754,166.96452409993668
-19.5278248312549,-13.432007916280535,-6.830079632886836,-0,6.94364957200647,20.99727619102982,35.17346528222955,49.43731857096345,63.780298099145526,78.1991547459863,92.6911610616154,99.96365117957505,107.25325076167165,114.55952871651145,121.8820505978905
-26.907879801900243,-18.162313466131565,-9.172038180815807,-0,9.310995545396809,28.238142316103612,47.454913734517696,66.87521732544903,86.44765089095462,106.13973161014081,125.92991665478088,135.85695858528237,145.80330401709125,155.76772509454202,165.7491633792145
-22.27892266609857,-15.08194902613191,-7.624438504893772,-0,7.7361901440937055,23.420350372955813,39.27750909044154,55.241615377986754,71.28141091556226,87.38119525372592,103.53261327082619,111.62611612207863,119.73090954226655,127.84666811608821,135.9731234597931
-20.60040371894044,-14.082180972750027,-7.178253873320475,-0,7.379360527688959,22.557788480180488,38.111955361750375,53.91409541024184,69.89274306490492,86.00546517727629,102.22571188476927,110.37046261331352,118.53603656615513,126.7210733731524,134.92442066157705
-30.490128566237836,-20.394394028920267,-10.232824957431903,-0,10.299080518608472,31.065323589611342,52.00916960797202,73.08827768213631,94.27354830388752,115.54506739888204,136.88892262441823,147.58474981022977,158.2951468789363,169.01926842171906,179.75637302846766
-13.96761633635445,-11.563555465798151,-8.207435108433756,-4.283085963437687,-0,9.203452498895233,18.887835260747682,28.83864089502141,38.95609271000814,49.189623852183416,59.51161595615545,64.70046017712326,69.90591399749304,75.12686194730266,80.36238984439522
-32.71918142483353,-24.010901979095866,-15.76816266558998,-7.7976248621427535,-0,15.280485906079232,30.317450460715833,45.22194247315523,60.05322275306421,74.84631537997738,89.62334356198163,97.01059289455522,104.39887885936787,111.78930182979977,119.18277766540378
-26.391239403444033,-20.181512037469417,-13.638941852848623,-6.887387950761696,-0,14.019412722937332,28.222842764885197,42.52696535808808,56.89450032210796,71.30829458043965,85.7603570068984,92.99947696019174,100.2469486803447,107.50259771791792,114.76629826802511
-32.03950628451241,-23.460970253699493,-15.350104651141539,-7.559060223098862,-0,14.635142079738426,28.84334767505877,42.7834664187046,56.55120227895706,70.20741462619294,83.79223018601702,90.56672922143252,97.33284126462132,104.09268654721868,110.84803975678211
-34.33378478163861,-25.7757834625905,-17.19589377123493,-8.602443990848395,-0,17.22340813792757,34.46682428450993,51.73030882608409,69.01611618616663,86.32678259120455,103.66449369137018,112.34402923735068,121.03090340152876,129.7252436661867,138.42714564303466
-26.878639392206146,-20.791392305886795,-14.188897061818974,-7.225558186866414,-0,14.995234236121703,30.47547145862776,46.27369142695039,62.29553376897229,78.48405416227318,94.80296376890213,103.00340915801702,111.2280074073409,119.47484292785094,127.74228361085687
-19.230656922740643,-15.490583416111553,-10.8426616134902,-5.615456967483193,-0,11.968566675142698,24.536476201670833,37.462706551825754,50.62494183099748,63.95586636218725,77.41575767282121,84.18589882707502,90.97969129940383,97.79527988712488,104.63111299668222
-26.007908569005625,-20.122870187830912,-13.726783854617123,-6.984646867402945,-0,14.448806596073226,29.299524569164845,44.39482065472326,59.651172151979615,75.02145422901827,90.47766439619556,98.23227405261589,106.00237783846995,113.78671770492831,121.5842603745469
-23.237879615313382,-17.043314253880848,-11.137209425634268,-5.470434130125144,-0,10.487948873922653,20.539525897177537,30.295828794759885,39.85172115833219,49.27223740299853,58.60275283410215,63.24470142086165,67.87541982503184,72.49753485257591,77.1132858304224
-14.619082667023484,-11.068253252959304,-7.39012942570229,-3.686797654614211,-0,7.274897184728434,14.419509154837101,21.467570070449955,28.455393930506183,35.41242746470219,42.360626141293736,45.836541263403056,49.315770924842006,52.799573174443054,56.2889896766362
-31.28048013335473,-21.623076648086787,-13.575142002990855,-6.485332317480067,-0,11.898560451039623,22.99760570725511,33.67411429517732,44.11270404245895,54.413010739330865,64.63297340548621,69.72454529062982,74.80827030584885,79.88668635498628,84.96186837992536
-33.39433094414354,-25.22548774173343,-16.913718450020426,-8.496756147023445,-0,17.167480318976512,34.499240009458305,51.94649193767551,69.48079413559564,87.08461611206685,104.74662033100265,113.5969435544584,122.45913437191173,131.33257550073947,140.21673856042344
-31.555883797045762,-23.83512404124771,-15.984459840274608,-8.032635093880566,-0,16.252373919908766,32.693453487482394,49.27638057715674,65.97153904199004,82.75918590228305,99.62548765306333,108.08487807232656,116.56036145226975,125.05105044912018,133.55616339519725
-30.873925717443154,-23.28497928624993,-15.62560057174777,-7.863568427209721,-0,15.988691916553044,32.25206621546264,48.72109459592678,65.34838384227625,82.10169435640107,98.95866977182479,107.42086815608663,115.90337312592075,124.4048410851786,132.92409450014674
-21.251368507475497,-15.999861712796196,-10.595121215370536,-5.241051570171531,-0,10.11926843750132,19.83468642538444,29.260899115173142,38.49020200150168,47.588949612060915,56.60348846588388,61.08966712344696,65.56602629051152,70.03509548393764,74.49899661275349
-25.4822001545554,-19.117457688683853,-12.753949788064709,-6.382705725822282,-0,12.80496282957099,25.664328722912103,38.5773428507208,51.54262974626727,64.55879381405184,77.62450823190083,84.17553753687841,90.73845791943057,97.3131066719141,103.89931437708056
-18.950564930398336,-14.270524302350152,-9.508884949547904,-4.742540494107308,-0,9.388155873867083,18.661718595564523,27.856180238792867,37.00455200494867,46.13219951331834,55.25751040565031,59.823514777811944,64.39346271371944,68.96836736203178,73.54906574456957
-23.152067265663923,-17.420705420425456,-11.640397088565825,-5.82943765491827,-0,11.686825800123017,23.389766367110095,35.10124153738207,46.82253787555159,58.557894167487035,70.3120155158237,76.19745479522824,82.08909877147602,87.98734666540395,93.8925456984887
-25.729805971215207,-19.555186554692295,-13.15891906244309,-6.623734463176986,-0,13.398917877157837,26.90012015669383,40.447003028083586,54.016748840277735,67.60115846968107,81.1983985197858,88.00202893399617,94.80926575486066,101.62034381816478,108.435501314486
-21.687747067736264,-16.59292438440722,-11.144682235707117,-5.581457778400643,-0,11.086635862519849,22.02739173707594,32.84098906771347,43.561524332621126,54.21921418738896,64.83744827593137,70.13738659591185,75.43356083378288,80.72741858440129,86.02018770342652
-28.388994113057226,-22.630491960980883,-17.523514848517667,-12.822890864151608,-8.38745350954931,-0,8.02171187520687,15.852750514375014,23.582928862441776,31.262414552103873,38.92104011470251,42.748628530402435,46.577367641434634,50.40857420557872,54.2433049838558
-15.808576226322204,-12.477410525626418,-9.508713854906565,-6.829027904062762,-4.3799892716041535,-0,3.894350551207511,7.470087654780145,10.836178468502357,14.065502600012923,17.20783181596967,18.757610432471022,20.297705427754217,21.830867735260583,23.35941384224882
-29.26858495485045,-24.471116371262013,-19.629711690204314,-14.754993876031486,-9.854937280947306,-0,9.906936632740567,19.852597685981035,29.83110723297178,39.840157173449164,49.87909667681894,54.90976893401858,59.94794083966612,64.99364929652458,70.04692114297514
-35.38505232208185,-29.214911559406826,-23.207416382153873,-17.3105104069816,-11.490754695888572,-0,11.374764270814152,22.690928626955966,33.98079137547647,45.26355201898392,56.55102782951769,62.19897600488042,67.85064968219362,73.50656550017018,79.167134421434
-27.524620629964357,-23.000250964604394,-18.429819937945954,-13.83516056814738,-9.228189093762348,-0,9.232736520945357,18.46677470308532,27.704694385225977,36.95048106607325,46.207955859287786,50.842099511082786,55.48030414451183,60.12285659471153,64.77000343925134
-31.619202233548553,-25.222085977688703,-19.514967572175387,-14.261583768638394,-9.315475876643713,-0,8.87113135116508,17.50930896108949,26.02482010012619,34.478846199164806,42.906906170271796,47.1182263186369,51.33030800589754,55.54456360154351,59.762110252939024
-36.2051240348488,-30.47256620451997,-24.57671195817177,-18.557381057490296,-12.4423998652839,-0,12.645531139571334,25.434047077392716,38.32894697939139,51.30679926668982,64.351957166596,70.89624668462218,77.45355952417526,84.02299995448439,90.60379972706411
-20.57334895942171,-17.699552783127388,-14.45231906841924,-10.991030860749962,-7.400373298007668,-0,7.561284453436269,15.215875872775912,22.93771419577614,30.71625697320798,38.54691987512234,42.481039866063874,46.4274098978467,50.38585719843351,54.35622409237203
-26.19612944851748,-20.61127997045703,-15.733559613067232,-11.34915878355129,-7.321676472563368,-0,6.683835649462387,12.971988102335805,19.00595430444934,24.873765803592818,30.632754401218126,33.484038212985794,36.32155897050907,39.148335990992,41.96690382348564
-25.4093104825256,-21.705695231098936,-17.66049456033377,-13.406212882993296,-9.017861780141544,-0,9.20277650732189,18.511596466934357,27.8908671612388,37.32338854657903,46.800256992006325,51.55367541502923,56.31648894674383,61.08836378485639,65.86901644903139
-21.216426620468095,-17.04607525172235,-13.262651059681154,-9.731227468227528,-6.3738406750355905,-0,6.095288534465335,12.035001717952618,17.890148858838984,23.704387606446044,29.50560303252624,32.407290990166,35.31201000679375,38.2210969689742,41.13563883089545
-38.35372718662063,-26.389840453143293,-18.278043894447478,-12.264998205740508,-7.489867537245467,-0,6.0416906219498285,11.357892997254645,16.27841217597049,20.971568382457686,25.530762516933816,27.778337209156252,30.01124976157157,32.23325251450225,34.44736478514623
-28.915651935028357,-22.80689892324528,-17.473439472742253,-12.656996157943112,-8.200941899054886,-0,7.609509658732097,14.870913850368725,21.920180815462963,28.83863586282742,35.67739100047352,39.077771193206814,42.46974091013945,45.855791087957286,49.237976539758456
-32.149494977950916,-25.744031987428485,-19.967922183873135,-14.609778137851034,-9.544502828128648,-0,9.046219878250843,17.790454359654884,26.345384362150913,34.78039547241472,43.14032958308045,47.30192828673981,51.45517690093855,55.60238688073835,59.74549562134
-37.04898293496196,-30.991761280806227,-24.87641944793106,-18.712698089105803,-12.508215948068605,-0,12.612707806800145,25.3063702173531,38.06487414219687,50.87684514247281,63.73403712742859,70.17761396541772,76.63032591534004,83.09162950009842,89.56104666113288
-25.550795686561596,-21.283403462976096,-16.995018597850887,-12.715235431952786,-8.454997312734484,-0,8.381218619532989,16.712435668816614,25.01524933023285,33.30653590953519,41.59881718611653,45.74827320243175,49.90115446637178,54.058195678457096,58.22000573432189
-33.62363466637406,-28.24491229622807,-22.757715923439587,-17.17613569495067,-11.514541883237834,-0,11.708281403634665,23.55875084125372,35.51744099435281,47.56161640440064,59.675707459035365,65.75541967153976,71.84877248820025,77.954861791251,84.07290759041955
-26.199594953703336,-22.142462947799483,-17.881756834415256,-13.498932759440496,-9.040931040954348,-0,9.124717093285842,18.2893294311859,27.477767536597266,36.68509650329615,45.91078124118053,50.530817972052496,55.155886898260476,59.78617588842984,64.4218677789889
-33.831531429646,-27.48633904265129,-21.518257696660633,-15.842664317524974,-10.395213900890438,-0,9.939263455571767,19.587258412958974,29.04696371749921,38.38468525232112,47.644199762042675,52.25426435916086,56.85504455588255,61.448823291498385,66.03750441323807
-25.45098041469434,-21.743257214476525,-17.67179016146322,-13.395799593448643,-8.998046672312208,-0,9.142717255996553,18.365406160256963,27.642862123748184,36.96477417822569,46.32672070138971,51.02201559089517,55.72663346095917,60.44044850669541,65.16335169720772
-17.91394611057622,-15.570209520297755,-13.194714745258173,-10.854462111551655,-8.571563085475038,-4.184837381714482,-0,4.037033417735931,7.971755594718652,11.838185848809712,15.660923228205991,17.56162869598742,19.45758712617043,21.350237726619874,23.240794933812197
-16.72024899077313,-14.576594164411075,-12.453365018914608,-10.347278885526197,-8.25602598658929,-4.109970056919784,-0,4.087486208164141,8.163958618141455,12.238647953566135,16.318768705160686,18.362648517216538,20.409842868598957,22.460828140465892,24.516016972837193
-22.524497153240322,-13.784952677889615,-8.160103956512764,-4.512372911678079,-2.1911319119452943,-0.07521957846840263,-0,-1.1042783634964615,-2.929396902550769,-5.210823172791439,-7.78690628607845,-9.151634306128233,-10.554445980477741,-11.987757790749784,-13.445324782537014
-9.533413547010653,-8.827936663809302,-7.831218120801495,-6.669475441373848,-5.41166647560644,-2.7487192838458974,-0,2.778915810650847,5.569554959036018,8.367682014079053,11.17442083274022,12.581900706958944,13.99266157253619,15.407094263310748,16.825576193932363
-16.506920811334368,-8.56485349169674,-3.8418731408542466,-1.055566712654719,0.4709195490413985,1.1733586636587117,-0,-2.2511676796936038,-5.159488070781482,-8.482649226100413,-12.072224866845557,-13.935799442649241,-15.833197080700149,-17.757421352080318,-19.70270032874231
-17.29576942944834,-14.047894948533916,-11.29018984121817,-8.896639549318758,-6.778370471025161,-3.128021007219299,-0,2.800859537110471,5.393087610428517,7.85175115516424,10.225992913565332,11.392219279034858,12.548803958240194,13.698291564629512,14.84280568462691
-29.83293224248143,-22.428757959595174,-17.033538375744445,-12.857787461403971,-9.472923204285468,-4.1627930113537515,-0,3.5131114326272126,6.632669964694756,9.503428372405043,12.212997176545182,13.525621846099522,14.817211939151036,16.091890501081988,17.353076069921137
-26.24858673008564,-22.708484279077776,-19.298286273244962,-15.975314663950408,-12.713059846168445,-6.307571694669972,-0,6.251004786911649,12.468728311274155,18.667462007843994,24.856572469532683,27.949618041776528,31.042519357754088,34.13580479797439,37.22992390522337
-62.553339845575344,-39.786619647279814,-27.591007028218158,-19.852535622238918,-14.29512838274102,-6.236609353456044,-0,5.464486075239331,10.561118671493013,15.470555278680813,20.282503165644982,22.667919752486267,25.045107022553147,27.416973584754494,29.785765475605725
-14.519661583789997,-12.369518580243062,-10.297661439525681,-8.33264954755547,-6.478434855073351,-3.0730711115601577,-0,2.8231622268368,5.462877450132162,7.969648782272479,10.38117239850755,11.560281184035683,12.725486013851164,13.879197309523853,15.023503432113833
-12.177273621863243,-11.791339465038673,-10.782233334513236,-9.397277566611207,-7.769843789098602,-4.066122861570741,-0,4.2874220384152535,8.726769408795361,13.279963489031536,17.924106112958416,20.275421189410928,22.644293595387317,25.02954411978125,27.43016632352369
-21.009598360004254,-16.897950904636083,-13.42823880197709,-10.455591857918375,-7.870115313341746,-3.5470183647945666,-0,3.0465397003564707,5.76394363263419,8.262155200507467,10.613676596968382,11.750384104602265,12.867432502463137,13.968606001439456,15.057079916785497
-17.97047779297053,-15.413731728958954,-13.048138636942072,-10.788877509751392,-8.589730988035166,-4.276616237635844,-0,4.282099653150705,8.586983409379664,12.92194459712943,17.289915308873685,19.486612828861062,21.691819791163397,23.90550935739954,26.127632883016428
-15.592616208726266,-11.878361218964493,-8.931514340390056,-6.571699886016659,-4.668315612914848,-1.867211175633933,-0,1.2509618253158217,2.0858936109062816,2.635746498576513,2.988743259536684,3.1112302487879986,3.2057650703507723,3.277207147520665,3.3296728160838907
-34.90793981798114,-21.341282096323102,-13.14259965297269,-7.942765117392037,-4.580131421866721,-1.0798302811619205,-0,-0.22875018074239994,-1.2201647898656474,-2.6775221068495,-4.427570355895679,-5.3773049684591605,-6.363647124688394,-7.379058595967334,-8.417401781388842
-16.386839211452827,-12.225802436273607,-9.125522244537407,-6.7314351851339005,-4.830439527420887,-2.0060393805336614,-0,1.5209944591892433,2.7448629448212443,3.78464869290562,4.711528751656716,5.147778152239261,5.571797640759515,5.9870275614273,6.396299362818245
-75.53740353931613,-38.044354527020126,-21.545357745937455,-12.85721546853586,-7.750867380488884,-2.4106530464464138,-0,1.0982112133204014,1.514803181525897,1.545529766241941,1.347579975747741,1.1929204843225394,1.0120986093513813,0.8112553065394317,0.5953305143075079
-21.576359423997022,-18.460573361034,-15.529228998888359,-12.735845626648763,-10.049205181853166,-4.912818242453526,-0,4.76239753689976,9.422203707502698,14.012114362303846,18.555155149753876,20.814466598896637,23.06789205689875,25.316817054868856,27.562437577903417
-16.443934499726282,-14.252552655407403,-12.13560201229244,-10.067071152688618,-8.029617454075531,-4.003971894384246,-0,4.012160953594543,8.048100707543284,12.115885870971297,16.21947007201242,18.285255030362805,20.360480387159914,22.445146142403743,24.539210361137282
-13.433658476350821,-10.844830489681542,-8.462540573544516,-6.407390321335254,-4.668947992129113,-1.9639517761510743,-0,1.4811076015639857,2.649524649402867,3.616001375847634,4.453370421376905,4.839532704393996,5.2102914374874345,5.569348639027614,5.919770593375686
20.19904588341322,18.533115811584082,16.69107735441415,14.739914064007474,12.718345328669965,8.550293673192796,4.293947118366213,-0,-4.304083637171383,-8.60193238432339,-12.883176564267401,-15.015344566076614,-17.141005939317903,-19.2596591418573,-21.370896565868918
18.740734126714475,16.094431759726035,13.940204290964976,12.018163992361163,10.211374386114244,6.747533178010883,3.3594365740899796,-0,-3.3397573355349173,-6.65848009457006,-9.952597095812273,-11.589342112096428,-13.218725026602916,-14.840448939810203,-16.454268951547842
15.346870626940124,13.71587573252844,12.1303869805281,10.574118509439803,9.036920381275433,5.997481108536056,2.987480178507168,-0,-2.965150650405787,-5.905953862384242,-8.819975730788475,-10.266252153643293,-11.705064153417275,-13.136222184086042,-14.559568570197307
10.668846231824979,11.222862422432426,11.195609729897305,10.701003637413853,9.83273188033016,7.256517929965915,3.89062337186108,-0,-4.245253918910561,-8.732762753439264,-13.38637932378092,-15.758319691514423,-18.153362868028783,-20.567290196237664,-22.996532172249974
-1.5032492610369503,1.8537198599411397,3.6819348765235755,4.549485352275834,4.7778262477963995,4.024602217859225,2.295771381744197,-0,-2.646255399834387,-5.517768636844161,-8.537266996870954,-10.086146527806532,-11.654715361691249,-13.239214448606583,-14.836512085660393
-93.09087504666533,-35.04577332560493,-12.95935393724872,-2.894012182356532,1.937908487892314,4.671308091740793,3.2700782041295056,-0,-4.260454503617732,-9.097959233288647,-14.291562233647952,-16.97937350255787,-19.712268209474345,-22.481466850932883,-25.279872354117465
-138.35167277740075,-69.27909535957396,-34.943586212332896,-16.40024162502845,-6.071182641410421,2.3399356054029297,2.9530197048547437,-0,-4.781432654450519,-10.573858512681294,-16.953721048134852,-20.285797576189502,-23.685193136037885,-27.13701075208736,-30.629553924984762
-11.74061325865985,-3.0440789568375815,1.1341847003728753,3.0988225324883185,3.861735215843738,3.545580834328737,2.041833385952783,-0,-2.306952919777388,-4.7489833815340985,-7.258351326467578,-8.525805333294151,-9.79741593346799,-11.070843156159466,-12.344268701451929
-10.01763151092244,-4.122944733893585,-0.2199035813417992,2.2439045444271835,3.638228582642794,4.176886513087732,2.719275908941422,-0,-3.545881088648298,-7.6478868577553305,-12.131250840726807,-14.477926233081114,-16.87950455393746,-19.327030172999066,-21.813011828813107
-75.67702347628448,-36.97590707170581,-16.970855673253947,-5.955354923988378,0.13602694949717387,4.523819478669868,3.586145360923299,-0,-5.0501133051772555,-10.966852839561906,-17.420114976174307,-20.783652789462433,-24.21486356561701,-27.70049921171667,-31.22989482845027
-191.71362061890082,-66.56216277626324,-27.78816340925083,-11.423232698884464,-3.5517603702020444,2.0643491052805163,2.1694112794842026,-0,-3.2917803852106093,-7.199592058940887,-11.468383232827126,-13.691392424823784,-15.956989085941045,-18.256158876934997,-20.581771177015465
-8.402940929393093,-1.270756804366157,2.522200043036956,4.449973689526165,5.236572916323639,4.79862934331173,2.827629138894653,-0,-3.34893102762708,-7.032509754627941,-10.938016682892604,-12.950383210363885,-14.993308582704845,-17.06140331871178,-19.150182054943798
0.37814264104911927,2.6913321282448934,3.991255536772991,4.587052367850463,4.679758825108612,3.854961880921257,2.1801365651415066,-0,-2.492139385503229,-5.181337862926898,-7.996046001597854,-9.435352833912814,-10.890091731922439,-12.356847512389898,-13.832800468532648
-52.58277948981539,-20.85210742000342,-7.424673769280948,-1.0361910832172438,2.0534879503489383,3.6602259858494715,2.468672581258631,-0,-3.143479911289016,-6.676584255986007,-10.446753645512839,-12.39140192035958,-14.36502389854586,-16.361584300467708,-18.37620525144642
-290.50207806091953,-100.27523968252095,-44.76320754641803,-20.75301007466957,-8.731457737449682,0.6727072271772129,1.9882941823844194,-0,-3.5588708622101644,-7.933661876030953,-12.754723068747234,-15.267229426171959,-17.825503600165547,-20.417795414624724,-23.035055304938506
-18.500631313300595,-7.485294949083366,-1.0702120784778069,2.5611643315133112,4.425247159047025,4.989523995943876,3.1511506543782577,-0,-3.9259007385612104,-8.33346476320111,-13.050988536900743,-15.49108328085262,-17.97218706198796,-20.486711329738633,-23.02844300026939
16.84287184929567,14.931377354715806,13.125354319558413,11.389065769955549,9.699725925429945,6.40813173144874,3.1842339839079563,-0,-3.1558004028674884,-6.286909500625954,-9.393817093619335,-10.937959651347525,-12.475704611407016,-14.006892620946507,-15.531374391499622
4.833509166577014,6.219545179074132,6.697513156381533,6.603890839573585,6.135874867240962,4.518584318120426,2.390406847214179,-0,-2.527399978216282,-5.124002706680037,-7.751107248465341,-9.068519213182197,-10.385750018863638,-11.701288329517778,-13.01394151484313
-6.022311637717379,-1.4728246080425318,1.2827401388559387,2.8500542787031526,3.5990730707399967,3.5106943014704526,2.1293885525846714,-0,-2.5845103630747515,-5.455293931761078,-8.50970734042022,-10.084442290986141,-11.682677593770816,-13.299679630355728,-14.93155851374817
6.24180928863537,9.070731701729565,10.448196208172655,10.80118793693884,10.409475142470782,8.096010561928436,4.456914764291959,-0,-4.981261131207525,-10.307165579116585,-15.862616972027597,-18.701501454487598,-21.571292003296993,-24.466142884873143,-27.38117119234641
-37.78992505348271,-2.557573021444205,13.156981667242293,20.417095939474354,23.28383865530869,22.274891877634552,16.740661252452718,8.980890241018153,-0,-9.698731228154003,-19.838884953694823,-25.021012871288274,-30.258338939512385,-35.53998355205254,-40.85722423699543
21.558302229738178,26.83610056764471,28.925520070083007,29.02724254398103,27.822107244184263,22.985801854398684,16.246915665369947,8.441957217226642,-0,-8.839602969992447,-17.93460159502724,-22.548742270364485,-27.196236336384015,-31.870716388584107,-36.566965717807506
-187.46278096317224,-50.096160422593094,-8.907395028149141,7.622522915867939,14.732910925502614,17.51791904730556,13.929567907427893,7.642530924519679,-0,-8.39627327057486,-17.23967722544589,-21.772536204335715,-26.35953992763006,-30.9897668540573,-35.654586768613214
-50.27433368542,-7.828297770108693,12.300715050829448,21.930151271820783,25.958440411462334,25.431983877305623,19.249349851011775,10.355288463103141,-0,-11.206267919618504,-22.93428559335331,-28.930817294371515,-34.99274405116255,-41.10724550741604,-47.264030823672535
-4649.227741181352,-430.3745641384741,-122.11458498952135,-39.07692242959617,-7.129154743437963,12.629874302485227,13.56093108336564,8.155898718609382,-0,-9.53740072311254,-19.833669921930483,-25.160345973123057,-30.57061014363073,-36.045808085338315,-41.57156617097737
-61.312652085734925,-15.815547494261077,6.7554203054995545,18.343685527792818,23.871682940357346,25.192615764406124,19.734762122617962,10.834064946460133,-0,-11.992199541831598,-24.708335736752222,-31.252600093802382,-37.889542392333574,-44.60145601436775,-51.37406294433749
-726.8496936769752,-148.15756963740964,-45.0710219028665,-8.16280456800811,7.938336785496224,17.495641518558323,15.436747313021653,8.810053918986775,-0,-9.982818783596313,-20.644059690872194,-26.14047672290994,-31.716697663368233,-37.35612129983404,-43.04571592379153
-605.262268051559,-232.94012076876578,-106.23061473528833,-49.249785424811925,-20.252058383868512,3.4094649827113424,8.410542899147217,5.959627257827866,-0,-7.797319575626154,-16.630018373621937,-21.29435687482287,-26.07655945516399,-30.951522169510316,-35.89986267883442
-219.88427280856936,-104.4063818626138,-48.34049624355276,-18.49895391485221,-2.0158689354201664,11.346605783120257,12.331953242070496,7.642650019809927,-0,-9.317366304690456,-19.643028556457743,-25.05983122610238,-30.601860076658767,-36.24493373214082,-41.96988288312253
34.07514503800688,35.67960684381586,35.40708662805155,33.908899755520636,31.568293190741404,25.239913368359066,17.542628803797623,9.028372358798432,-0,-9.363167669233473,-18.948853983984947,-23.801166787128277,-28.683713019845687,-33.590943848079114,-38.51823636171439
36.160245239448585,36.17361242765714,34.95805880611563,32.91391899730127,30.285610083430544,23.858619361266374,16.437322195054115,8.411255793483587,-0,-8.664006191179704,-17.49679724608763,-21.958415435618925,-26.443054241409957,-30.946496683770352,-35.46523029035411
-255.85105194357175,-100.32259935021601,-37.90620566848872,-8.815988554686585,5.510525630359793,14.977931871159297,13.635288479034347,7.870917109798336,-0,-8.980442375631227,-18.58624405253465,-23.53825303225804,-28.56057016780308,-33.637719781116026,-38.757703441119034
40.15396487453849,40.930716095066416,40.015108153864695,37.97052551186045,35.13320268735357,27.876654564214572,19.285725913690033,9.893654991854204,-0,-10.215931877691332,-20.641671075483398,-25.909295991821732,-31.20409308557003,-36.520602424787405,-41.854303420668955
-440.024397524557,-110.70049578956208,-34.53836365078901,-5.38406488419259,7.899223208556544,16.212312612847196,14.462578037309632,8.361645057076071,-0,-9.664376430602774,-20.129071529882232,-25.566440781860717,-31.106149790366477,-36.72909801930556,-42.41998927226062
44.854791824117974,42.91609328155606,40.34086731887476,37.28769853986515,33.86943560230627,26.244866260338313,17.904881449380227,9.10440379811445,-0,-9.307977905594823,-18.752974103170843,-23.512077229523033,-28.289619996980846,-33.08202619206324,-37.88627985235809
-77.79889057424018,-26.284535056162074,-1.2275352786322762,11.899783274508087,18.578741049291775,21.639822116766098,17.532363125317282,9.785035055549464,-0,-10.99915114661904,-22.752341538820897,-28.821752847474823,-34.986703739361545,-41.22870928361429,-47.53292450399763
-3.4054107106702975,16.209305037436238,24.096457686784845,26.800964102415893,26.83384446673521,22.889539312438494,16.326209644661446,8.505094494697067,-0,-8.907861344916054,-18.06525248250976,-22.707774739536383,-27.38190924765882,-32.08147647100377,-36.80147440740829
-1602.6165702319709,-392.41328612424104,-146.52086487868655,-58.607189552986924,-19.21220553984498,9.498589077894486,13.856495398969766,9.062049487380355,-0,-11.321642739459636,-23.939516933471054,-30.56405319310463,-37.34040239900581,-44.23712842691106,-51.229669131392626
-62.43686632974998,-19.045257427413397,2.6774684300963445,13.760999428096051,19.025093420705332,20.512331913586507,16.039730119035365,8.756410716716228,-0,-9.585835603211748,-19.66187580538924,-24.820330598729686,-30.036590219881933,-35.298349273858626,-40.59589226886036
38.6455140009232,39.39037284481475,38.4180520621894,36.34175317038716,33.5183443659809,26.44015569689822,18.204327264985046,9.302984290423902,-0,-9.552265828130034,-19.26091551329076,-24.15453928533918,-29.06694153297787,-33.99383314838638,-38.931691594827655
-2623.7593664542587,-506.2903552190129,-183.81130093281615,-67.92982288879587,-15.100034736167869,24.166450491695816,30.769423794320588,25.179334123519762,14.024262081841966,-0,-15.626092049493773,-23.8205021590047,-32.195336600054986,-40.71165624514128,-49.33944572649402
-676.8361333860081,-207.72795660287878,-77.06713892180173,-19.28951515677858,10.099408039913893,32.74763681205201,34.38413357336464,26.869143639610304,14.721045008901015,-0,-16.240400649810013,-24.736863252106897,-33.416257896619136,-42.24171033332947,-51.184228407518376
-595.4157848587774,-168.95882336875502,-43.85495332000196,6.4772338377890035,29.18220564452382,42.507859789800136,38.92773293449678,28.647565083353847,15.175301281790324,-0,-16.15308702855054,-24.467162743128178,-32.895132134718985,-41.41313588784666,-50.002548170176176
-2162.4435005349997,-336.77580639063297,-107.6893005518388,-27.513237804113697,8.627490904429148,33.66645697127408,34.769222321376596,26.71378299563572,14.442692478743114,-0,-15.647623135933538,-23.75601289838759,-31.99796047982791,-40.34393360323286,-48.77121861625831
-27056.745629548273,-1433.9277878840783,-440.7608391830518,-182.5807413047828,-78.99177751059466,-2.873730757754181,17.347268916506636,18.56783124980408,11.421956198668946,-0,-13.824993856169133,-21.317744841341323,-29.089529380438748,-37.0833981188563,-45.2553076056245
-196.42633529125993,-45.01988808866791,8.98485728833799,33.300329535286835,44.496663901313596,48.85786966513044,42.12845071292653,30.34267350113191,15.919556262241677,-0,-16.817118750971545,-25.450047781160514,-34.19254615517513,-43.02262317939866,-51.92283391000752
-1502537.5207774919,-748.1460030435869,-194.74864162413542,-62.43124872235681,-10.440973330470339,24.467286870612412,29.124021724663262,23.298923499523635,12.834832263684376,-0,-14.16536987123127,-21.568960419456328,-29.126729045754658,-36.80710040179348,-44.585654921015355
-1897.2843247521678,-305.64572347925497,-96.33386829810304,-23.419308708522767,9.445886896149778,32.28428065259964,33.172437968246804,25.49339343437558,13.796561952527679,-0,-14.973463281702431,-22.739819759431057,-30.637835241107204,-38.63857292615741,-46.71972006046736
-427.77231025464914,-93.88037952756756,-13.179329646723662,18.430220836172726,32.73667836801125,40.52598333386647,36.31651167858804,26.702338106045996,14.201096780711236,-0,-15.265533576343582,-23.175441812993327,-31.225578882251703,-39.39098006305298,-47.651535025442236
-242.9887556351468,-86.0306043477692,-20.59636454348441,12.343019039611464,29.7473362772314,41.84789575861228,39.19277195319928,29.445979904797788,15.850798022583103,-0,-17.243478210321427,-26.22193119139772,-35.37815485967208,-44.67873376072621,-54.096926808549995
-65614.991867611,-1370.1625545003685,-511.56152280086417,-239.97922773148088,-117.49530812014287,-18.859452001662344,11.047658154854442,16.396022967942116,10.913573632755101,-0,-13.881481926204364,-21.51947716533107,-29.485123674910547,-37.70712698884026,-46.1310790111561
-22837.016734776615,-1392.1013510837756,-408.37973070521383,-159.3370713100359,-62.02648241318881,6.4605621746449,22.391928999339058,21.0441477357769,12.341323189783088,-0,-14.32476633586386,-21.95439974373992,-29.804540596397977,-37.82786780630807,-45.98821834039029
-14112866.937408732,-1674.647583674225,-445.5333799483467,-161.46366196201907,-55.37781174472625,15.647597974957499,29.983045984119585,26.254177499106813,14.972899675826335,-0,-16.964293690533857,-25.910832488795755,-35.07435954990064,-44.40683082759115,-53.87157839185537
-37008.927039186914,-1036.8110731652735,-272.12693795748623,-97.12548630104747,-31.249621034162434,13.61578536731156,22.58245965650746,19.500097434960853,11.11143452112908,-0,-12.650289918962839,-19.34927750857933,-26.229071876578917,-33.253444571353754,-40.39432936211599
-32659.629242671133,-970.7541629294249,-240.34333054754308,-76.14733245229267,-15.928575633679579,23.00702933171781,28.7148874699456,23.30282345090737,12.9424742766972,-0,-14.429711092179362,-22.0117768349499,-29.773629497854593,-37.68042280559622,-45.70490574303257
-1710.307556569247,-443.05035219119657,-168.3816137898475,-63.28223656586419,-14.276987318558994,22.659163732601847,29.016881253787467,23.822184589644024,13.3017864428019,-0,-14.881964551324682,-22.70655694826801,-30.71612278133272,-38.87310845413629,-47.148387620077834
-2236.8576962693637,-434.7043673260016,-161.0395921515437,-59.951423118836004,-12.602551159215976,23.549723082823803,29.80760184856514,24.468246342524342,13.676419966306081,-0,-15.326788812756227,-23.391598086209694,-31.649717466059155,-40.06148989826478,-48.596049574044336
-55805246.251375355,-1978.2369693031753,-599.561837433649,-248.44622012049518,-108.86939900244889,-7.991622701902131,18.483724814370973,20.74543326589454,12.847716361138945,-0,-15.503368547064028,-23.871334041481667,-32.52629066804734,-41.40426245007406,-50.456608187448104
-119.2064088546967,-15.865762094111842,24.412816710906185,42.05634606336929,49.330568933923395,49.66045282170863,41.392862850239375,29.285652484027334,15.200901736859198,-0,-15.870742290093713,-23.974260887462062,-32.160359487677475,-40.41282435736768,-48.718789850461164
-3177701.5679903165,-3118.576577983654,-1035.893083318279,-472.44131510439604,-241.282707224711,-64.9954424354652,-9.1280500839924,7.508568852508612,7.7390534632414285,-0,-12.013532695254971,-19.015441670053168,-26.483424189786152,-34.315915456005136,-42.435879267730186
-21276.991993223204,-1742.139021834218,-535.3645145974991,-206.6065167758912,-74.59407826620833,20.453134845063918,44.057178799130625,43.94072205729235,33.63210888331891,18.224261468104633,-0,-9.784172872746717,-19.889143165901615,-30.24837687014658,-40.81080055762917
-25003442.997239042,-4270.318866199872,-1096.583018005293,-419.68720446001134,-173.74828405216553,-6.5265862548370235,36.767933148103694,42.936230449886025,34.39308417146743,18.9810818403049,-0,-10.30180796848192,-20.97693102528939,-31.940481067311712,-43.128768952998506
-462.0006990597965,-77.65277407309799,31.50193195346059,71.79497161047436,87.09570036099086,89.62501592822993,78.0229121687672,61.125499709031175,41.814820816071546,21.25760339749487,-0,-10.796986053833482,-21.67420543009139,-32.61476169423208,-43.605564428792576
-766116582.2033762,-5300.176270692228,-1493.4992450297575,-633.9510099119426,-303.79819657437315,-62.197984662402504,11.191609134606365,31.418920859216737,29.780630958963492,17.662690274897113,-0,-10.105533899034045,-20.80094173523579,-31.953450712088475,-43.46284298209906
-287217.5431479688,-2948.5526166667205,-823.4108477869767,-324.28508235355116,-132.66321542958954,3.688423053708457,39.88148827113326,44.03300748753862,34.83604987542432,19.156111658446573,-0,-10.38615091709346,-21.149845643989824,-32.208039538477195,-43.49769428959333
-70406.80770901803,-2196.8764631770973,-655.1768232541073,-263.97624923844415,-106.47462420968505,10.00139429397621,41.43899969446902,44.210982817349134,34.64839092438955,18.978542259059868,-0,-10.261322279613502,-20.883375804417547,-31.78639524615363,-42.90965207152523
-691.5970115757813,-132.31257038124903,-6.032250223503105,43.79151411080991,66.45226801713895,78.93720670698733,72.9299799134849,59.05166994773983,41.23937753772652,21.258120036216912,-0,-10.945293237348075,-22.044600167724138,-33.26714556184993,-44.588756430740524
-5493438.70006927,-3511.836104913801,-948.1683920883828,-387.5252631855987,-173.45611982321017,-17.94417450795326,26.887636957466032,36.028691911605314,30.2022014457549,17.06941792848271,-0,-9.454278920567402,-19.340212847380286,-29.564224753379644,-40.05520468629333
-12253428.305407899,-3174.4482191853863,-798.1785229691766,-302.2689006702794,-120.84357825278467,4.458709580628531,37.00204597167475,40.529651804265754,32.01178559781137,17.60531653848821,-0,-9.557678792913816,-19.47330267220063,-29.671497738734736,-40.09473929024183
-1812.1912653624609,-416.23758591332023,-141.87417596392163,-33.33827732030618,18.57917885028462,57.56994841834462,62.40713108751796,53.74994855321282,38.718256061891736,20.318892647512293,-0,-10.624759168493378,-21.473162516864036,-32.499214102347544,-43.66726753058909
-12039395.797709081,-4407.421306549753,-1198.726584333413,-487.3277566321727,-219.76739503971922,-29.39249941017657,24.939036731884467,36.93004699821871,31.617887153167946,18.01329338827755,-0,-10.02734197052175,-20.53103826104364,-31.40648462714299,-42.57454811977862
-29834.12609056587,-2120.532979105445,-715.872637222672,-313.05708373707745,-141.74633471883672,-8.410784444522687,31.60547608207329,39.10034897627667,32.252051118874576,18.139316333448853,-0,-10.029057949129127,-20.514504144572825,-31.360401459666505,-42.49311545746885
-2669.602374088666,-389.71257901608345,-102.03774932461387,-4.826729122061533,37.59086147042232,65.71784091417814,65.70554726097471,54.877413595413316,38.93566870654157,20.2596888693967,-0,-10.519393385172105,-21.22814492600233,-32.08846451292666,-43.07080980452634
-101631.63329007824,-1424.2412781809944,-367.0353413152388,-119.3821247287997,-23.3914068627863,43.086223418841016,55.967692391490004,50.564711485033854,37.15265622325289,19.695596546330243,-0,-10.380511503519221,-21.0141239810062,-31.847395518004806,-42.83928688415545
-596198355.1492462,-4328.877761774228,-1112.0545562394627,-444.5873590959406,-199.99788393091322,-27.48995551369644,22.01204521870347,33.214651377515686,28.615863930143913,16.362429709283376,-0,-9.139255105605669,-18.72773764356571,-28.667814637384108,-38.885351785387634
-262588.7408290728,-3706.505501203201,-1107.4803007443518,-460.27470302705206,-208.02549689385185,-26.074450965318807,25.743993407260344,36.77902913881774,31.193961598958847,17.688708402179834,-0,-9.807198521200442,-20.061581403447164,-30.663707434724625,-41.53853987299275
-477830.7757902316,-3260.181866976847,-919.7903228713983,-370.1065639337153,-158.59765562410425,-7.204825542088265,34.4125721865991,41.12987361243797,33.36344332917718,18.568998719120373,-0,-10.164690709995583,-20.74208685599893,-31.64245097599776,-42.79760521019973
-1665.4051618546594,-462.48929838844697,-167.74621525888236,-48.75409741033132,9.06836824732291,54.28555194108969,61.95062374591314,54.46361114082339,39.67556077363725,20.968097845077843,-0,-11.03603713842634,-22.338423343738746,-33.852757229569164,-45.53668280778143
-99.45756161733372,-3.8297505822952167,41.75696902110264,64.76229411600006,75.85954455588202,79.75825466564719,71.47099384261182,57.261025301527,39.826538375474115,20.498984854160003,-0,-10.550482287952878,-21.251514441140795,-32.07523654879041,-42.99936940475546
-17471072.25126729,-3247.050438797516,-843.4954917416436,-326.1634012616861,-134.56838780943187,-0.8813755937357166,34.699383837116834,39.519322850271855,31.59603903842154,17.471684913966733,-0,-9.52072402777445,-19.41131105787154,-29.592477175390798,-40.00384777810536
-1305060228.4124038,-3282.1781748433386,-955.9051626123427,-400.3988802561322,-176.9291682713829,-8.218328133937424,41.968584576725945,52.40981622655578,45.78235122923739,30.681293280019514,10.954372995132132,-0,-11.469907988014164,-23.34538408165597,-35.54248119834056
-97016471.25950465,-4709.252755124767,-1232.847049322608,-481.99602154726597,-204.73499804105074,-10.10994377954682,44.22711603559318,54.96822459242768,47.770318318927195,31.893344493609085,11.35635146808358,-0,-11.867266905649458,-24.134999270853363,-36.719302012387104
-276520082.17734885,-3850.632585986403,-998.4833926217066,-380.78797052509213,-150.1197601451922,11.965065944586724,55.065478476871895,60.61329770685875,50.637674962592754,33.161068561588245,11.674480147568506,-0,-12.109615755581808,-24.558903018878347,-37.275482046988856
-3964144.5208462263,-3656.278027320738,-982.1285145602222,-375.69350009543683,-147.77320217072912,11.706609037383314,53.80377123711671,59.161296323110555,49.39865118200863,32.34053220945034,11.383572290049662,-0,-11.806239795423231,-23.942137029844293,-36.33713529246697
-594663.3708042919,-2464.7255369125032,-636.2716654996152,-219.05606235854725,-62.21134010881797,44.46519590648712,67.97622811677908,65.22348475406217,51.66064982346073,32.90493317383448,11.392202505050832,-0,-11.687466566329295,-23.604238532285073,-35.700431745512255
-4803530.132312021,-2938.888134560016,-771.6210886052045,-287.91971476785506,-104.64398870714477,24.717880133904178,57.925358955666574,60.10899289656603,49.23152694273867,31.945915838273507,11.1908174025408,-0,-11.573368246703682,-23.446657012768057,-35.55692359895022
-23361437.499443978,-3601.3761874491684,-943.3667534922641,-357.1002713557773,-136.25847241886592,18.871549399248387,59.323569526079915,63.44371635936592,52.48983148718177,34.219096017761856,12.017488000790872,-0,-12.447212321419405,-25.230575291218564,-38.27897392491914
-46607089.447755255,-2502.5661143668294,-645.8194157711343,-232.01018784484563,-73.99709048223754,37.41224537440553,64.52420585811716,63.92236368304469,51.46862460427531,33.12208246692777,11.549084549414427,-0,-11.909867793956062,-24.10362521033804,-36.52246265966412
-9598887.401314843,-4534.022231227085,-1237.2352762979756,-484.15566030340875,-200.8336191903593,-2.579360749847504,50.807464587991,59.72546748390621,50.79522461154073,33.48462697983793,11.81908028052177,-0,-12.270496717840382,-24.88791130467789,-37.77385222158176
-226957.43150990448,-2958.9332338463405,-831.673474336445,-320.87894532935235,-122.80641623636954,19.30694668141921,57.1236480462791,61.02594275652341,50.56761338434056,33.02159791308017,11.614060255580505,-0,-12.044252570378013,-24.42695214760328,-37.07804050822468
-375530183.11467016,-4263.044509137443,-1008.9386557095314,-360.7133725097142,-130.58340574284333,23.538298322016132,61.27463552737741,63.73992982816529,52.03103449670245,33.63417543820097,11.74186627529834,-0,-12.107584426066806,-24.497109337565643,-37.10559513248143
-115270.14563163479,-4232.105064236736,-1306.3789603132825,-548.706045319059,-248.53298020026654,-28.80272108472209,35.43954596536205,50.493128506392644,45.422539198394674,30.755612095526182,11.026858414134086,-0,-11.565606924098256,-23.549464763464307,-35.86076923067679
-82919395.49627787,-1380.2018915471701,-394.9579498872516,-132.72789423622797,-24.082874114173805,55.42107856021823,72.86835564941453,68.28763042849863,53.82311667338416,34.278311537667484,11.882876775578461,-0,-12.210673979696528,-24.681104850395112,-37.35879171815631
-9644547.034169458,-4986.867087388052,-1394.361519683524,-573.5478298438982,-258.0991533389042,-29.65814564711119,36.802521104041425,52.28534487494962,46.96721181403396,31.766539880763244,11.378904090177391,-0,-11.925593404377288,-24.2740673437326,-36.952358074934
-301764361.74575686,-4315.9405243354795,-1049.2132238548675,-386.852779052417,-147.9490438497184,15.34817228813168,57.3820311479473,62.0534130452233,51.47140573089582,33.5746814701538,11.79040347670377,-0,-12.208297106103872,-24.741620354096337,-37.52965152376776
-343316.2363473522,-1704.2173102945087,-450.9614547355438,-152.90867325057897,-34.912171894256524,49.52427322895316,68.46669942209328,64.876555143275,51.35236076325334,32.774498670748336,11.376089415585785,-0,-11.700124214996459,-23.657408708195707,-35.82035231514349
-3113598.3262142907,-2243.415478780482,-640.8035801031812,-247.61125478693666,-90.54549335711833,26.11581057877696,57.892601041435526,60.35115723267104,49.765436158186176,32.482815855151,11.433560441109972,-0,-11.870343254395534,-24.08818811244939,-36.58460356245654
-213750.45152321507,-2822.068581500023,-853.3399989590562,-347.48881349131864,-141.9571367362134,11.318943805363302,54.24959858281927,60.32496633335102,50.68650906352277,33.312462158242994,11.755629329542733,-0,-12.213577556405305,-24.785019684061506,-37.6381909449443
-185.75720222429834,-12.16153794705099,56.96594910887085,88.06332946016691,101.7521554653706,105.37026365366441,94.69141844970756,77.65028481380503,57.33724125467036,35.17848070357849,11.911778350784855,-0,-12.048776513983997,-24.207904039468175,-36.456264130032636
-29027.12674645708,-665.4851697217262,-144.10547318163677,-2.0360933284713365,55.23865141493487,91.506389378936,91.5673510706221,78.40690557559294,59.178919071177624,36.77216690178114,12.551779663085163,-0,-12.765034036988718,-25.700104276948185,-38.77162417081571
-10575.971061831297,-1078.2782699276045,-340.3248342787676,-101.43200216596368,4.0901616586834475,83.05282791926528,99.19371019673262,92.38002545624431,75.19826712170648,52.697065678066366,27.226832084019772,13.78225206639427,-0,-14.048782292312703,-28.309342847898037
-820488313.8844568,-4249.2687469256325,-1161.4441092123043,-446.55338078177175,-173.85806474819358,19.419951337260684,71.5988837322559,79.42977979255372,69.0776213549498,50.011476962097895,26.32169110911891,13.409272457758398,-0,-13.796172796087896,-27.89617109512031
-78801494.40709296,-5496.910359953587,-1371.1750976203089,-508.2416342499118,-195.449693530239,17.799289217268498,73.44975201483935,81.63541449145787,70.89082533284945,51.24486971610285,26.937448981691016,13.716058568956768,-0,-14.100347197908091,-28.501929995563586
-1741216.890633046,-2690.786767431029,-741.8544924390278,-266.01013175576713,-79.3590992542763,53.76047422845166,86.49367870428505,86.28917867286384,72.17760632456043,51.26274575132933,26.684797550506143,13.542160994767377,-0,-13.85418897610819,-27.953949084560108
-536845700.5948738,-3767.4342471068285,-915.1990904266235,-318.91307125458246,-101.4749385339569,46.594260721172155,82.49662943328354,83.46373350674554,70.1035652110667,49.86475995231048,25.972005532687284,13.182097354158165,-0,-13.487071875035937,-27.213167996286625
-28792.937161779817,-1513.5511948113315,-403.70346757846414,-104.23991851832912,15.272010011741477,96.24951360770451,109.09143120241792,99.17909502408261,79.59451709384,55.26259292294145,28.369110231892773,14.32456840285052,-0,-14.543368256014103,-29.25898352614731
-23296488.068896625,-1824.4804466215803,-530.8653394567842,-192.17258534922345,-51.75750951926812,52.98005621492651,79.3276077758728,78.39585822943502,65.48156256921682,46.52831547870617,24.243136116407165,12.309335201439593,-0,-12.605538605844881,-25.44649672864941
-708859.0260520709,-2966.7850739036253,-782.0196556255836,-282.0871554744296,-89.9595914994675,46.62747321038312,81.22599843380064,82.46615781313203,69.543916316478,49.63286800428186,25.92111829606425,13.171341875330834,-0,-13.502483811948549,-27.267150033044878
-13128.239389531522,-1375.3397592535282,-468.66895000030587,-175.68068899576093,-44.8434794490045,56.83867817925504,82.85713758447861,81.5205512781387,67.97984794262224,48.25677393236544,25.125239701067315,12.753107734044015,-0,-13.052358971430468,-26.3414407984081
-48855.38894044177,-1644.1316919452752,-546.5550132943373,-208.84853089227167,-60.75347789490822,53.70415557566181,83.80669607020677,83.76876841396641,70.33719158908573,50.12224396841291,26.16049815074768,13.290801160386087,-0,-13.622345672632637,-27.507638648106614
-72044532.04955257,-2114.11117657667,-567.546259237954,-185.4051783544361,-34.96386931433121,70.85666846831155,94.07804248292818,89.79696939762552,73.7538677077124,51.890611085878504,26.862657139824435,13.605923941856016,-0,-13.879324791806113,-27.974217089970356
-15860.563940328844,-1643.0404637416775,-502.64369938658234,-170.91631045129824,-33.35286062238715,66.68404254727632,89.66452033901145,86.18244077761383,71.12123781544912,50.213155609337534,26.064133287484324,13.216311250241132,-0,-13.507745810869993,-27.247725759051285
-22088058.154805932,-3943.9260437980674,-916.884865799455,-298.2644154919742,-78.7745409927832,64.24111970954685,94.96633063565564,92.05633787831336,75.79054477084493,53.284242358536744,27.54190286614166,13.938459796583533,-0,-14.195838136587819,-28.590815339164145
-642.0553269509726,-45.502826197569206,73.18117200801983,115.51642078823711,132.31872475614324,136.19065352233724,123.51475140651853,103.69074162223528,80.18582856147047,54.5813796082473,27.697973049657637,13.930220415421159,-0,-14.062392703295743,-28.23283502742408
-1202901101.4236805,-5482.776448012795,-1405.1768178961838,-532.8445689779757,-213.78524535297367,5.6904786129352045,64.52752039744374,74.92308822940689,66.01206498841951,48.04225144523534,25.346657973205126,12.921634278415791,-0,-13.305768586709801,-26.911157438463785
-684240.0245626143,-3200.321321950961,-871.8068675964557,-327.5081481114623,-117.78864820540959,32.5142536568044,72.5873914098754,76.80991657985376,65.85189859790242,47.40756413121061,24.889541735966123,12.67127249610847,-0,-13.027523410052106,-26.33749052507229
-8871547.463162111,-2922.7143719182295,-867.9580936383967,-340.3911099687262,-128.1048801231181,28.1914519303889,70.88635674339258,76.10390796134841,65.51360591170943,47.217546757966225,24.791123737006693,12.619221144964117,-0,-12.96790195972267,-26.209754956085533
-53.38019122698832,52.27279961197665,101.56107965370305,125.45194532267546,135.96906415555807,136.48130138309452,123.33172039779498,103.53789707592564,80.12183581079334,54.57635747730232,27.711957520492398,13.940752800256059,-0,-14.078879852612507,-28.270749264478425
-579526127.7170844,-3774.1934683972036,-1001.2397423910777,-382.1308370112126,-145.33637835374475,24.390156735315216,70.4182149661767,76.64275376042177,66.26418803909534,47.84538189934233,25.141277307601193,12.80012353506043,-0,-13.1561597420006,-26.590460661956712
-612048.0929718538,-2919.770941900288,-830.7022757333809,-325.7066305685278,-123.23293672597279,27.555224764589077,69.75328248078787,75.36874951266515,65.20627296861593,47.181637012054885,24.85048519057457,12.666448298179874,-0,-13.046625623545074,-26.395302062477093
-235383264.74746278,-4460.326669889322,-1134.5422294646442,-407.12112162038886,-137.2626017082075,49.58576497854729,97.66660162021327,102.59467580152614,89.87671459709891,68.69524160542827,43.01082603613523,29.125435771552066,14.75290383756629,-0,-15.05250900602546
-6315.175826590703,-907.7717361746262,-244.97246045538813,-30.546814569286404,62.50607411219144,128.89011394757986,138.11983953831623,126.13488300297205,104.37514534877177,77.50196924329843,47.72401876704823,32.131278430837725,16.200134700135997,-0,-16.41535163022249
-197391357.58059502,-4249.191750982211,-1141.9314413533975,-432.9400561579791,-160.42419827443533,34.86821734540422,88.31117346740722,96.52282052333734,85.96447962366986,66.3054017188882,41.75569419828309,28.337268177211527,14.380328481958264,-0,-14.716386873419772
-38387415.63824362,-4125.284642660216,-1092.1342872680143,-400.082660456074,-136.6830538358663,49.18712452850249,97.83318573718722,103.05747506469541,90.39211875290371,69.1272488653444,43.29108409092793,29.316489777041614,14.849875919073977,-0,-15.150933714580939
-3725916.8168772715,-4759.02992300768,-1339.6431251380966,-522.7415696279896,-207.47621935384774,18.777849922107205,82.11893298021928,94.16330967808155,85.19034346732118,66.15958714946458,41.802032330327144,28.395839576112852,14.419514187031089,-0,-14.766827922060994
-71521.96349150196,-2707.0243685028327,-808.181556081436,-297.18819161746944,-88.83840495964546,64.43942846330775,104.39550561109415,106.42043585291839,92.28015147543296,70.19834493279991,43.83485640923001,29.655554066515066,15.009778958034532,-0,-15.29596997112804
-7276.535707787138,-1075.2068493761146,-318.63561445519537,-68.83008431162511,40.71911228122705,120.240613898154,133.76782591797763,123.48382017919309,102.57769885186238,76.27869958890959,46.99426825094865,31.64244594380072,15.95391441459093,-0,-16.164585594893424
-1688079.4646416402,-3078.090984726946,-822.507845495088,-291.9428811326444,-85.65609159695427,61.956499672665814,99.5924680646717,101.22016351634488,87.63866752804137,66.61233879594892,41.575897213760946,28.12291846211872,14.232373552117375,-0,-14.50149368123292
-258485.52860623348,-4448.229285723198,-1220.8223183153298,-456.7197790833827,-163.71782212053557,44.285994398413166,99.8673668314338,107.238318560715,94.75988314463956,72.74354210851958,45.65816000316874,30.944062778626517,15.684485644160759,-0,-16.01827116072874
-286234.7640745505,-2689.1315794188413,-727.639495057402,-241.5078509987932,-50.72048980121923,83.60675353036265,114.76843359624839,112.28389785789525,95.64111112731096,72.06954999413179,44.753960048793715,30.219084461104444,15.271476599035408,-0,-15.527727727278346
-36461.96719919707,-2775.718254770316,-851.6420876084766,-312.4769974198362,-92.5974062303251,67.27933783621982,108.05187693532103,109.69769835458817,94.90038371579064,72.09204390728151,44.9803987744775,30.42222747718497,15.39463622506204,-0,-15.684007585603808
53.85116277538386,139.6564455448335,175.8961290198429,190.21159585872832,193.30712901286608,182.91975024011325,161.9735625735239,136.13597368782763,107.73126402873714,77.86205804488672,47.10809483203182,31.508101424942872,15.798273645075787,-0,-15.869720754439665
-155001.0612416894,-2188.1813848571237,-527.1092266662253,-151.97228402003992,-8.67926716222998,91.20898495724026,112.65539129150918,107.53466789878864,90.7795826971093,68.13828829014399,42.23178181193477,28.499590024733955,14.396426474835247,-0,-14.630015950088206
-32999747.1272005,-4366.916733529638,-1111.1259300089312,-412.11827274706286,-149.12564660196958,38.57958888723927,90.16235542349928,97.90080670069952,87.13461265011918,67.24485891118131,42.37998835154216,28.771788179997642,14.606000636552524,-0,-14.956640652695988
-97078.14480628463,-2362.7476925185542,-574.4315185700885,-157.2988812335094,-0.483095784353584,105.07296994026386,125.67546705246447,118.4929324583125,99.39691527655528,74.33380809128836,45.96887625892392,30.997197729167034,15.648263902139815,-0,-15.887746078132519
-1270003318.1370127,-4588.543370424978,-1032.794386590674,-324.1640094111886,-77.4385266793114,81.43595168756667,115.78961364077979,113.31767180995269,96.24419122243691,72.31271405971283,44.7922248621197,30.211643521603683,15.252334127981388,-0,-15.4807672804141
-275032.4555281578,-3907.2975913628597,-1088.1574036811169,-416.9919673481857,-155.4399564061919,35.07620133339737,88.40061067509689,96.94571615490038,86.55754732747792,66.87152033927873,42.154150134503595,28.61698107750813,14.525701895591006,-0,-14.869073744274061
-3821207.666701394,-2535.173148286427,-619.6644698092397,-177.59201575050054,-11.051616815185316,100.7287780288738,122.65611630350199,115.83513320238019,97.04030800800824,72.43091529593255,44.704139637576716,30.116246517238164,15.190012066153555,-0,-15.39716070972206
-7303015.848664045,-2591.848548501046,-647.5209486249561,-201.88697341446357,-30.066144303084645,89.80699353073344,116.37655380806564,112.21813041966361,95.00548614755843,71.36159391603155,44.22867601614728,29.84348811089641,15.072901138919944,-0,-15.311916998142683
-53346.66369383379,-2626.127036165549,-803.6076192920247,-312.9187386229287,-110.0807859662521,43.872926644337625,87.72967645807518,93.6873411597201,83.02968988511736,63.98617359729044,40.30364416998182,27.357845289567024,13.88654766950843,-0,-14.217270256516336
-6552.076494762909,-474.70673563867797,-55.96087544420845,78.98250652939332,137.2388413592333,174.41000096473294,171.74550721160736,153.6016920955255,128.1111619802946,98.69384042792872,67.0081427652241,50.609162543826145,33.94063445670473,17.056807246972653,-0
-6723558.4458079105,-3707.1532806120877,-915.904173121188,-292.44141569228566,-59.74053052194314,99.33771820803268,136.43749947750356,135.1551015279303,118.01675761994265,93.1895882677534,64.2193454003326,48.7620449241631,32.84542746399726,16.5667737426513,-0
-533260.1159705601,-3487.8023098007275,-888.59414710649,-289.1123903520041,-60.077051875373535,100.80544184740714,139.9978430955466,139.5752359765192,122.36026012057337,96.85968909825051,66.8519652282079,50.78790947692017,34.22391518349341,17.26731571962582,-0
-20957.46690637198,-1603.457933163198,-511.10178982205304,-155.98922723659996,1.7111594434979418,122.38610044361565,151.17145709963322,146.69715945525675,127.30377475456986,100.29322307124764,69.04489866608277,52.409740743627665,35.2936139780472,17.797772849073475,-0
-35177.65991897201,-1032.7467870550024,-197.22571797160475,31.956728348652018,121.12708878316182,174.69259228075924,174.243390009387,155.7267579923186,129.5030319845843,99.4716735704538,67.3667001020293,50.8254295253377,34.053055377885,17.09874220809694,-0
-244714.08795319713,-2351.257066982347,-611.4068435845321,-176.91134591290043,-3.3091682974891086,120.24102318337583,147.2798994168393,141.7537253363854,122.26740437485189,95.89440835689611,65.79550949437538,49.87533594950751,33.54691717109367,16.899254243229702,-0
-59407.774933050205,-3181.7681578731613,-910.5001773886739,-318.53523390004995,-84.45573185052999,82.63562537802659,124.83426179668955,126.7174569021042,111.80668470988734,88.75542573597065,61.34375776249667,46.623390422568015,31.427874812114496,15.860624222674634,-0
-1730804.9041567193,-4238.860259770848,-1127.2754978555458,-402.28159394819187,-124.12998593077864,73.98151416027659,126.5137653767326,132.20816742463467,118.23102178771326,94.6010888660451,65.7286534245536,50.05712400598055,33.80096587518027,17.083845232507358,-0
-677427.1926400118,-2092.213439352399,-508.7223397414806,-124.34178264543432,25.382899844008122,128.5836415098901,148.49920705609924,140.4106089178975,120.2044257041011,93.93265397270739,64.32549788352544,48.73138543538621,32.76255223902463,16.498470077969603,-0
-162484323.881086,-4361.687131881253,-1120.7150264747195,-374.7338235422896,-92.53984127049281,101.76676392842762,147.97285116584973,148.04272990766748,129.47552265008565,102.1443513505896,70.26575286671081,53.29954190975211,35.864801696536766,18.07096402421409,-0
-667078332.0128615,-5040.32502603297,-1261.3619422533554,-432.6532176690894,-126.50965742794449,83.25043887527484,135.52137154278176,139.2299602805973,123.25629785411314,97.93267391635375,67.68802590294956,51.43789801955622,34.66630553978112,17.4908005466457,-0
-44196945.00902044,-4391.33720253225,-1067.6059246426225,-350.5891976817601,-85.49474935012583,95.94814381608185,139.58186002297836,140.1196088034665,122.97385079435314,97.32559322593993,67.14185993706471,50.99618700963988,34.35690604180556,17.331150794847602,-0
-325502290.0254331,-4451.702847455292,-1033.9833769304398,-328.30255898281416,-72.27270810679732,101.12809782529303,142.11203441822215,141.6455650072546,124.03157967360315,98.08896383907025,67.6568111952886,51.38811954330539,34.622813952900756,17.46665104123476,-0
-25334.053092139915,-825.3248667662135,-197.85660765554587,-3.3848239995543974,83.27800356392261,147.7254114116342,157.56651351020705,145.9833576435769,124.14079340896012,96.78422797440359,66.2331410712777,50.17333249285341,33.733096656699495,16.98879880441958,-0
-230929.8273061637,-3924.116389189676,-1143.0803183867506,-435.5487193812598,-151.84813137413636,57.28935991605927,115.60494716857097,124.44998826432324,112.50645005138131,90.45260909562585,62.98629819040834,47.997399488216274,32.42254692902229,16.39082806495678,-0
-16169.206899735962,-1426.1018669875682,-439.6266393860939,-125.99361921552642,12.151835874443695,117.59524080990136,142.36479823509816,137.5552624470998,119.25430361249686,93.95337487569854,64.70170983896372,49.12288016805582,33.087041613412175,16.688468999834,-0
-2291830.543424687,-4516.3617282797595,-1189.2074404149748,-434.1605010733853,-146.6868619062043,58.07103597841996,113.61822303113168,121.56488306771347,109.6728476966248,88.12028049217102,61.36203972815001,46.765018205474334,31.595086276105665,15.975520983961864,-0
-5452532.878538071,-4750.684800325284,-1251.4836253928815,-449.5540771826282,-148.28077623059033,61.920856633109025,116.97675716485786,123.78678685413594,110.94608369589288,88.73798917913604,61.58359554696111,46.86895149052377,31.62651904556508,15.97396771300076,-0
-126042.5502952474,-5704.390875124852,-1719.6306495122299,-690.5548170835291,-285.07550454532947,9.369332108518716,94.36544290029806,113.86447518724884,106.8810763042904,87.41177254998169,61.42597712467801,46.94923010270323,31.789089148059027,16.100587812022315,-0
-615236306.669824,-5891.466811103844,-1397.6148859669483,-475.7310759018817,-147.1246058688008,73.53718976358,128.92364681989244,134.4274561468779,119.81177524390218,95.5957274349818,66.27238884009263,50.424603425114476,34.0211395176716,17.18251819603436,-0
